{"cameraMode":{"drawMode":0,"name":"Shaded","section":"Shading Mode"},"sceneLighting":true,"audioPlay":false,"sceneViewState":{"m_AlwaysRefresh":false,"showFog":true,"showSkybox":true,"showFlares":true,"showImageEffects":true,"showParticleSystems":true,"showVisualEffectGraphs":true,"m_FxEnabled":true},"in2DMode":false,"pivot":{"x":73.79643249511719,"y":7.895498752593994,"z":150.26266479492188},"rotation":{"x":0.026540393009781839,"y":-0.7779543399810791,"z":0.03293368220329285,"w":0.6269065141677856},"size":53.97517395019531,"orthographic":false}